839,North East Frontier Technical University,Aalo,4icu.org/reviews/17761.htm
631,MATS University,Aarang,4icu.org/reviews/14332.htm
376,JIS University,Agarpara,4icu.org/reviews/17887.htm
136,Tripura University,Agartala,4icu.org/reviews/12155.htm
315,"National Institute of Technology, Agartala",Agartala,4icu.org/reviews/13230.htm
438,"ICFAI University, Tripura",Agartala ...,4icu.org/reviews/12176.htm
810,Maharaja Bir Bikram University,Agartala,4icu.org/reviews/17788.htm
204,Dayalbagh Educational Institute,Agra,4icu.org/reviews/13216.htm
277,Dr. Bhimrao Ambedkar University,Agra,4icu.org/reviews/7311.htm
38,National Institute of Design,Ahmedabad ...,4icu.org/reviews/13237.htm
43,Gujarat Technological University,Ahmedabad,4icu.org/reviews/13122.htm
73,Nirma University,Ahmedabad,4icu.org/reviews/12107.htm
125,Gujarat University,Ahmedabad,4icu.org/reviews/2020.htm
127,CEPT University,Ahmedabad,4icu.org/reviews/14408.htm
214,Gujarat Vidyapith,Ahmedabad ...,4icu.org/reviews/7319.htm
229,Ahmedabad University,Ahmedabad,4icu.org/reviews/14334.htm
565,"Institute of Infrastructure, Technology, Research and Management",Ahmedabad,4icu.org/reviews/16029.htm
582,Anant National University,Ahmedabad,4icu.org/reviews/17801.htm
595,Rai University,Ahmedabad,4icu.org/reviews/16081.htm
603,Indus University,Ahmedabad,4icu.org/reviews/16027.htm
658,"National Institute of Pharmaceutical Education and Research, Ahmedabad",Ahmedabad,4icu.org/reviews/13243.htm
680,G.L.S. University,Ahmedabad,4icu.org/reviews/15991.htm
726,Sabarmati University,Ahmedabad,4icu.org/reviews/14340.htm
806,Raksha Shakti University,Ahmedabad,4icu.org/reviews/16088.htm
859,Gujarat University of Transplantation Sciences,Ahmedabad,4icu.org/reviews/15996.htm
869,Lakulish Yoga University,Ahmedabad,4icu.org/reviews/16050.htm
274,Mizoram University,Aizawl,4icu.org/reviews/10330.htm
473,"National Institute of Technology, Mizoram",Aizawl,4icu.org/reviews/15645.htm
824,"ICFAI University, Mizoram",Aizawl,4icu.org/reviews/16003.htm
321,Central University of Rajasthan,Ajmer,4icu.org/reviews/13166.htm
429,Maharshi Dayanand Saraswati University,Ajmer,4icu.org/reviews/12142.htm
665,Bhagwant University,Ajmer,4icu.org/reviews/14364.htm
539,Dr. Panjabrao Deshmukh Krishi Vidyapeeth,Akola,4icu.org/reviews/12131.htm
41,Aligarh Muslim University,Aligarh ...,4icu.org/reviews/1980.htm
379,Mangalayatan University,Aligarh,4icu.org/reviews/14384.htm
59,University of Allahabad,Allahabad,4icu.org/reviews/1982.htm
87,Indian Institute of Information Technology Allahabad,Allahabad,4icu.org/reviews/2031.htm
106,Motilal Nehru National Institute of Technology Allahabad,Allahabad,4icu.org/reviews/2076.htm
453,"Sam Higginbottom Institute of Agriculture, Technology and Sciences",Allahabad,4icu.org/reviews/7304.htm
713,Allahabad State University,Allahabad,4icu.org/reviews/17789.htm
826,Nehru Gram Bharati Vishwavidyalaya,Allahabad,4icu.org/reviews/15700.htm
855,"Uttarakhand Aawasiya Vishwavidyalaya, Almora",Almora,4icu.org/reviews/17794.htm
547,Raj Rishi Bharthari Matsya University,Alwar,4icu.org/reviews/16082.htm
759,Sunrise University,Alwar,4icu.org/reviews/14681.htm
341,Indira Gandhi National Tribal University,Amarkantak,4icu.org/reviews/13248.htm
830,"Maharishi Markandeshwar University, Sadopur",Ambala,4icu.org/reviews/16060.htm
743,Sarguja University,Ambikapur,4icu.org/reviews/13120.htm
203,Sant Gadge Baba Amravati University,Amravati,4icu.org/reviews/1983.htm
107,Guru Nanak Dev University,Amritsar,4icu.org/reviews/2024.htm
226,Anand Agricultural University,Anand,4icu.org/reviews/12109.htm
462,Charotar University of Science and Technology,Anand,4icu.org/reviews/14335.htm
259,"Jawaharlal Nehru Technological University, Anantapur",Anantapur,4icu.org/reviews/14402.htm
364,Sri Sathya Sai Institute of Higher Learning,Anantapur,4icu.org/reviews/15664.htm
416,Sri Krishnadevaraya University,Anantapur ...,4icu.org/reviews/2112.htm
864,Central University of Andhra Pradesh,Anantapur,4icu.org/reviews/18703.htm
857,Jaypee University Anoopshahr,Anupshahr,4icu.org/reviews/16035.htm
430,Veer Kunwar Singh University,Arrah,4icu.org/reviews/12098.htm
634,Kazi Nazrul University,Asansol,4icu.org/reviews/16047.htm
300,Dr. Babasaheb Ambedkar Marathwada University,Aurangabad,4icu.org/reviews/7307.htm
819,"Maharashtra National Law University, Aurangabad",Aurangabad,4icu.org/reviews/17777.htm
758,Baddi University of Emerging Sciences and Technologies,Baddi,4icu.org/reviews/14351.htm
786,Maharaja Agrasen University,Baddi,4icu.org/reviews/16056.htm
823,"ICFAI University, Himachal Pradesh",Baddi,4icu.org/reviews/16001.htm
589,Sri Dev Suman Uttarakhand University,Badshahithaul,4icu.org/reviews/16106.htm
671,"University of Horticultural Sciences, Bagalkot",Bagalkot ...,4icu.org/reviews/16124.htm
685,PDM University,Bahadurgarh,4icu.org/reviews/17814.htm
644,Fakir Mohan University,Balasore ...,4icu.org/reviews/12138.htm
701,Jananayak Chandrashekhar University,Ballia,4icu.org/reviews/17792.htm
213,Banasthali Vidyapith,Banasthali ...,4icu.org/reviews/1991.htm
660,Banda University of Agriculture and Technology,Banda,4icu.org/reviews/15969.htm
7,Indian Institute of Science,Bangalore,4icu.org/reviews/2032.htm
31,National Institute of Mental Health and Neuro Sciences,Bangalore,4icu.org/reviews/2082.htm
35,Bangalore University,Bangalore,4icu.org/reviews/1992.htm
36,Christ University,Bangalore,4icu.org/reviews/15673.htm
78,International Institute of Information Technology Bangalore,Bangalore,4icu.org/reviews/12124.htm
89,National Law School of India University,Bangalore,4icu.org/reviews/2084.htm
90,Jain University,Bangalore,4icu.org/reviews/15678.htm
111,Azim Premji University,Bangalore,4icu.org/reviews/14355.htm
114,Jawaharlal Nehru Centre for Advanced Scientific Research,Bangalore,4icu.org/reviews/2051.htm
200,PES University,Bangalore,4icu.org/reviews/16077.htm
219,Alliance University,Bangalore,4icu.org/reviews/14354.htm
278,REVA University,Bangalore,4icu.org/reviews/16091.htm
288,Rajiv Gandhi University of Health Sciences,Bangalore,4icu.org/reviews/7363.htm
302,"University of Agricultural Sciences, Bangalore",Bangalore ...,4icu.org/reviews/2125.htm
391,Ramaiah University of Applied Sciences,Bangalore,4icu.org/reviews/16052.htm
460,Presidency University,Bangalore,4icu.org/reviews/17828.htm
468,Swami Vivekananda Yoga Anusandhana Samsthana,Bangalore,4icu.org/reviews/15676.htm
497,Dayananda Sagar University,Bangalore,4icu.org/reviews/17824.htm
570,CMR University,Bangalore,4icu.org/reviews/15983.htm
626,Garden City University,Bangalore,4icu.org/reviews/17825.htm
652,University of Trans-Disciplinary Health Sciences and Technology,Bangalore,4icu.org/reviews/16119.htm
725,Karnataka Samskrit University,Bangalore,4icu.org/reviews/16044.htm
588,Bankura University,Bankura,4icu.org/reviews/15970.htm
727,Govind Guru Tribal University,Banswara,4icu.org/reviews/17785.htm
650,Shri Ramswaroop Memorial University,Barabanki,4icu.org/reviews/16105.htm
339,Brainware University,Barasat,4icu.org/reviews/17886.htm
385,Adamas University,Barasat,4icu.org/reviews/17885.htm
558,West Bengal State University,Barasat,4icu.org/reviews/13151.htm
124,University of Burdwan,Bardhaman,4icu.org/reviews/2127.htm
291,Uka Tarsadia University,Bardoli ...,4icu.org/reviews/16121.htm
171,Invertis University,Bareilly,4icu.org/reviews/14383.htm
175,M.J.P. Rohilkhand University,Bareilly,4icu.org/reviews/7364.htm
199,Indian Veterinary Research Institute,Bareilly ...,4icu.org/reviews/2042.htm
876,Bareilly International University,Bareilly,4icu.org/reviews/17874.htm
655,Nava Nalanda Mahavihara,Bargaon,4icu.org/reviews/15666.htm
636,"University of Science and Technology, Meghalaya",Baridua,4icu.org/reviews/14359.htm
654,North Orissa University,Baripada,4icu.org/reviews/12139.htm
771,Eternal University,Baru Sahib,4icu.org/reviews/14346.htm
605,Bastar Vishwavidyalaya,Bastar,4icu.org/reviews/13118.htm
340,Maharaja Ranjit Singh Punjab Technical University,Bathinda,4icu.org/reviews/16058.htm
371,Central University of Punjab,Bathinda,4icu.org/reviews/13165.htm
748,Adesh University,Bathinda,4icu.org/reviews/17856.htm
861,Akal University,Bathinda,4icu.org/reviews/17857.htm
841,Indus International University,Bathu,4icu.org/reviews/14348.htm
581,"Rani Channamma University, Belagavi",Belagavi,4icu.org/reviews/14412.htm
47,Visvesvaraya Technological University,Belgaum,4icu.org/reviews/7381.htm
474,KLE University,Belgaum ...,4icu.org/reviews/13178.htm
686,Vijayanagara Sri Krishnadevaraya University,Bellary,4icu.org/reviews/14413.htm
414,Ramakrishna Mission Vivekananda Educational and Research Institute,Belur ...,4icu.org/reviews/13222.htm
489,Berhampur University,Berhampur,4icu.org/reviews/12136.htm
849,Khallikote University Berhampur,Berhampur,4icu.org/reviews/17782.htm
337,Tilka Manjhi Bhagalpur University,Bhagalpur,4icu.org/reviews/2124.htm
583,Bihar Agricultural University,Bhagalpur,4icu.org/reviews/15972.htm
790,Motherhood University,Bhagwanpur,4icu.org/reviews/16066.htm
531,Maharaja Surajmal Brij University,Bharatpur,4icu.org/reviews/16059.htm
653,Veer Chandra Singh Garhwali Uttarakhand University of Horticulture & Forestry,Bharsar,4icu.org/reviews/16128.htm
263,Maharaja Krishnakumarsinhji Bhavnagar University,Bhavnagar,4icu.org/reviews/1997.htm
258,Chhattisgarh Swami Vivekananda Technical University,Bhilai,4icu.org/reviews/13119.htm
684,Sangam University,Bhilwara,4icu.org/reviews/16095.htm
496,Chaudhary Bansi Lal University,Bhiwani,4icu.org/reviews/15978.htm
98,Rajiv Gandhi Proudyogiki Vishwavidyalaya,Bhopal ...,4icu.org/reviews/12128.htm
174,Maulana Azad National Institute of Technology,Bhopal,4icu.org/reviews/7351.htm
182,Makhanlal Chaturvedi Rashtriya Patrakarita Vishwavidyalaya,Bhopal ...,4icu.org/reviews/7339.htm
239,"Indian Institute of Science Education and Research, Bhopal",Bhopal,4icu.org/reviews/16017.htm
283,All India Institute of Medical Sciences Bhopal,Bhopal,4icu.org/reviews/15955.htm
330,Barkatullah University,Bhopal,4icu.org/reviews/7294.htm
367,National Law Institute University,Bhopal,4icu.org/reviews/12127.htm
368,VIT Bhopal University,Bhopal,4icu.org/reviews/17844.htm
444,People's University,Bhopal,4icu.org/reviews/16075.htm
446,"School of Planning and Architecture, Bhopal",Bhopal,4icu.org/reviews/16098.htm
454,Jagran Lakecity University,Bhopal,4icu.org/reviews/16034.htm
639,LNCT University,Bhopal,4icu.org/reviews/17837.htm
710,RKDF University,Bhopal,4icu.org/reviews/16093.htm
779,Atal Bihari Vajpayee Hindi Vishwavidyalaya,Bhopal,4icu.org/reviews/15966.htm
851,Sarvepalli Radhakrishnan University,Bhopal,4icu.org/reviews/16097.htm
865,Madhyanchal Professional University,Bhopal,4icu.org/reviews/18740.htm
74,KIIT University,Bhubaneswar,4icu.org/reviews/12140.htm
134,Indian Institute of Technology Bhubaneswar,Bhubaneswar,4icu.org/reviews/13226.htm
270,All India Institute of Medical Sciences Bhubaneswar,Bhubaneswar,4icu.org/reviews/15956.htm
279,Siksha 'O' Anusandhan,Bhubaneswar,4icu.org/reviews/15683.htm
349,Centurion University of Technology and Management,Bhubaneswar,4icu.org/reviews/14361.htm
392,Utkal University,Bhubaneswar,4icu.org/reviews/7378.htm
400,Odisha University of Agriculture and Technology,Bhubaneswar,4icu.org/reviews/2092.htm
525,"International Institute of Information Technology, Bhubaneswar",Bhubaneswar,4icu.org/reviews/17781.htm
739,Utkal University of Culture,Bhubaneswar,4icu.org/reviews/2144.htm
808,Rama Devi Women's University,Bhubaneswar,4icu.org/reviews/17784.htm
674,Krantiguru Shyamji Krishna Verma Kachchh University,Bhuj,4icu.org/reviews/12173.htm
622,"Karnataka Veterinary, Animal and Fisheries Sciences University",Bidar,4icu.org/reviews/13130.htm
688,K.K. University,Biharsharif,4icu.org/reviews/17760.htm
601,BLDE University,Bijapur,4icu.org/reviews/15672.htm
679,Karnataka State Women's University,Bijapur ...,4icu.org/reviews/12121.htm
297,Maharaja Ganga Singh University,Bikaner,4icu.org/reviews/12145.htm
413,Rajasthan University of Veterinary and Animal Sciences,Bikaner,4icu.org/reviews/16084.htm
536,Swami Keshwanand Rajasthan Agricultural University,Bikaner,4icu.org/reviews/10327.htm
195,Atal Bihari Vajpayee Vishwavidyalaya,Bilaspur,4icu.org/reviews/15973.htm
344,Guru Ghasidas Vishwavidyalaya,Bilaspur,4icu.org/reviews/7295.htm
476,Dr. C.V. Raman University,Bilaspur,4icu.org/reviews/14331.htm
554,Maharishi University of Management and Technology,Bilaspur ...,4icu.org/reviews/14333.htm
273,Magadh University,Bodh Gaya,4icu.org/reviews/12094.htm
141,Visva-Bharati University,Bolpur ...,4icu.org/reviews/2147.htm
809,Seacom Skills University,Bolpur,4icu.org/reviews/16100.htm
477,Sambalpur University,Burla,4icu.org/reviews/2104.htm
81,"National Institute of Technology, Calicut",Calicut,4icu.org/reviews/7352.htm
458,Kolhan University,Chaibasa,4icu.org/reviews/13127.htm
854,Abhilashi University,Chailchowk,4icu.org/reviews/17817.htm
34,Panjab University,Chandigarh,4icu.org/reviews/7358.htm
80,Post Graduate Institute of Medical Education and Research,Chandigarh,4icu.org/reviews/7356.htm
202,PEC University of Technology,Chandigarh,4icu.org/reviews/12100.htm
54,Indian Institute of Technology Gandhinagar,Chandkheda,4icu.org/reviews/13227.htm
669,Jai Prakash Vishwavidyalaya,Chapra,4icu.org/reviews/7297.htm
334,GLA University,Chaumuhan,4icu.org/reviews/14382.htm
4,Indian Institute of Technology Madras,Chennai,4icu.org/reviews/2038.htm
18,Anna University,Chennai,4icu.org/reviews/1985.htm
21,SRM Institute of Science and Technology,Chennai ...,4icu.org/reviews/2103.htm
37,University of Madras,Chennai,4icu.org/reviews/2136.htm
75,Tamil Nadu Veterinary and Animal Sciences University,Chennai ...,4icu.org/reviews/2120.htm
83,Chennai Mathematical Institute,Chennai,4icu.org/reviews/13199.htm
84,Indian Maritime University,Chennai,4icu.org/reviews/14398.htm
110,Tamil Nadu Teacher Education University,Chennai,4icu.org/reviews/13142.htm
157,Sathyabama Institute of Science and Technology,Chennai,4icu.org/reviews/7367.htm
196,Sri Ramachandra Institute of Higher Education and Research,Chennai,4icu.org/reviews/7372.htm
221,Hindustan Institute of Technology and Science,Chennai,4icu.org/reviews/13200.htm
248,Vel Tech Rangarajan Dr. Sagunthala R&D Institute of Science and Technology,Chennai,4icu.org/reviews/14972.htm
280,Saveetha Institute of Medical and Technical Sciences,Chennai,4icu.org/reviews/15694.htm
299,Bharath Institute of Higher Education and Research,Chennai,4icu.org/reviews/15688.htm
313,Tamil Nadu Dr. M.G.R.Medical University,Chennai,4icu.org/reviews/2119.htm
331,Vels University,Chennai,4icu.org/reviews/15696.htm
332,"Indian Institute of Information Technology, Design and Manufacturing",Chennai,4icu.org/reviews/13228.htm
350,Tamil Nadu Dr Ambedkar Law University,Chennai,4icu.org/reviews/7376.htm
409,Dr. M.G.R. Educational and Research Institute,Chennai,4icu.org/reviews/15692.htm
426,B.S. Abdur Rahman Crescent Institute of Science and Technology,Chennai,4icu.org/reviews/13213.htm
527,Tamil Nadu Physical Education and Sports University,Chennai,4icu.org/reviews/14423.htm
731,Meenakshi Academy of Higher Education and Research,Chennai,4icu.org/reviews/15690.htm
732,Dakshina Bharat Hindi Prachar Sabha,Chennai,4icu.org/reviews/15985.htm
769,St. Peter's Institute of Higher Education and Research,Chennai,4icu.org/reviews/15695.htm
Un,Tamil Nadu Music and Fine Arts University,Chennai,4icu.org/reviews/17786.htm
598,Kerala Kalamandalam,Cheruthuruthi,4icu.org/reviews/13184.htm
559,Maharaja Chhatrasal Bundelkhand University,Chhatarpur,4icu.org/reviews/16057.htm
112,Annamalai University,Chidambaram,4icu.org/reviews/1986.htm
682,Jagadguru Rambhadracharya Handicapped University,Chitrakoot,4icu.org/reviews/16032.htm
762,Mahatma Gandhi Chitrakoot Gramoday Vishwavidyalaya,Chitrakoot,4icu.org/reviews/12126.htm
532,Mewar University,Chittorgarh,4icu.org/reviews/14371.htm
802,Sangai International University,Churachandpur,4icu.org/reviews/17852.htm
537,OPJS University,Churu,4icu.org/reviews/17871.htm
281,Graphic Era Hill University,Clement Town,4icu.org/reviews/15994.htm
12,Amrita Vishwa Vidyapeetham,Coimbatore ...,4icu.org/reviews/1984.htm
29,Tamil Nadu Agricultural University,Coimbatore ...,4icu.org/reviews/2118.htm
121,Bharathiar University,Coimbatore,4icu.org/reviews/1994.htm
161,Karunya Institute of Technology and Sciences,Coimbatore,4icu.org/reviews/12151.htm
382,Avinashilingam University,Coimbatore,4icu.org/reviews/1989.htm
698,Karpagam Academy of Higher Education,Coimbatore,4icu.org/reviews/15691.htm
482,Cooch Behar Panchanan Barma University,Cooch Behar,4icu.org/reviews/15984.htm
516,National Law University Odisha,Cuttack,4icu.org/reviews/14418.htm
542,Ravenshaw University,Cuttack,4icu.org/reviews/13136.htm
604,Sri Sri University,Cuttack,4icu.org/reviews/16108.htm
128,Shiv Nadar University,Dadri,4icu.org/reviews/14389.htm
415,Dr. Balasaheb Sawant Konkan Krishi Vidyapeeth,Dapoli,4icu.org/reviews/12132.htm
93,Lalit Narayan Mithila University,Darbhanga,4icu.org/reviews/7299.htm
794,Kameshwar Singh Darbhanga Sanskrit University,Darbhanga,4icu.org/reviews/12093.htm
638,Davangere University,Davangere,4icu.org/reviews/13129.htm
56,University of Petroleum and Energy Studies,Dehradun,4icu.org/reviews/12164.htm
255,Graphic Era University,Dehradun,4icu.org/reviews/15702.htm
301,Uttaranchal University,Dehradun,4icu.org/reviews/16129.htm
347,DIT University,Dehradun,4icu.org/reviews/15988.htm
351,Uttarakhand Technical University,Dehradun,4icu.org/reviews/13148.htm
486,Doon University,Dehradun,4icu.org/reviews/14425.htm
524,IMS Unison University,Dehradun,4icu.org/reviews/16008.htm
530,Forest Research Institute,Dehradun,4icu.org/reviews/7322.htm
577,"ICFAI University, Dehradun",Dehradun,4icu.org/reviews/2029.htm
591,Uttarakhand Ayurved University,Dehradun,4icu.org/reviews/16127.htm
600,Swami Rama Himalayan University,Dehradun,4icu.org/reviews/16111.htm
618,Himgiri ZEE University,Dehradun,4icu.org/reviews/14395.htm
693,Hemwati Nandan Bahuguna Uttarakhand Medical Education University,Dehradun,4icu.org/reviews/16000.htm
818,Shri Guru Ram Rai University,Dehradun,4icu.org/reviews/17884.htm
868,Ras Bihari Bose Subharti University,Dehradun,4icu.org/reviews/17883.htm
880,Shri Guru Ram Rai Education Mission,Dehradun ...,4icu.org/reviews/9663.htm
101,Indian School of Mines,Dhanbad,4icu.org/reviews/2039.htm
545,Binod Bihari Mahto Koyalanchal University,Dhanbad,4icu.org/reviews/18738.htm
388,Karnatak University,Dharwad,4icu.org/reviews/12120.htm
721,"University of Agricultural Sciences, Dharwad",Dharwad,4icu.org/reviews/2126.htm
179,Dibrugarh University,Dibrugarh,4icu.org/reviews/2008.htm
452,"National Institute of Technology, Nagaland",Dimapur,4icu.org/reviews/15646.htm
815,"ICFAI University, Nagaland",Dimapur,4icu.org/reviews/16004.htm
858,St. Joseph University,Dimapur,4icu.org/reviews/17855.htm
850,Rai Technology University,Doddaballapura,4icu.org/reviews/17829.htm
500,Sido Kanhu Murmu University,Dumka,4icu.org/reviews/12097.htm
805,"ICFAI University, Raipur",Durg,4icu.org/reviews/16005.htm
144,"National Institute of Technology, Durgapur",Durgapur,4icu.org/reviews/13229.htm
55,Indian Institute of Technology Hyderabad,Eddumailaram,4icu.org/reviews/13225.htm
549,Dr. B.R. Ambedkar University,Etcherla,4icu.org/reviews/14400.htm
13,Narendra Dev University of Agriculture and Technology,Faizabad,4icu.org/reviews/2080.htm
190,Dr. Ram Manohar Lohia Avadh University,Faizabad,4icu.org/reviews/12157.htm
386,J.C. Bose University of Science and Technology,Faridabad,4icu.org/reviews/14410.htm
504,Lingaya's University,Faridabad,4icu.org/reviews/15670.htm
796,Al-Falah University,Faridabad,4icu.org/reviews/17811.htm
Un,Manav Rachna International Institute of Research and Studies,Faridabad,4icu.org/reviews/15671.htm
Un,Manav Rachna University,Faridabad,4icu.org/reviews/16063.htm
180,Baba Farid University of Health Sciences,Faridkot,4icu.org/reviews/7306.htm
338,"National Institute of Technology, Goa",Farmagudi,4icu.org/reviews/15642.htm
645,Sri Guru Granth Sahib World University,Fatehgarh Sahib,4icu.org/reviews/14362.htm
863,Karnataka State Rural Development and Panchayat Raj University,Gadag,4icu.org/reviews/17771.htm
678,Gondwana University,Gadchiroli,4icu.org/reviews/15993.htm
681,Shri Venkateshwara University,Gajraula,4icu.org/reviews/14393.htm
828,Arka Jain University,Gamharia,4icu.org/reviews/17819.htm
222,Gandhigram Rural University,Gandhigram,4icu.org/reviews/2014.htm
156,Gujarat National Law University,Gandhinagar,4icu.org/reviews/13121.htm
186,Dhirubhai Ambani Institute of Information and Communication Technology,Gandhinagar,4icu.org/reviews/14336.htm
210,Pandit Deendayal Petroleum University,Gandhinagar,4icu.org/reviews/14339.htm
319,"Indian Institute of Information Technology, Vadodara",Gandhinagar,4icu.org/reviews/16016.htm
450,Swarnim Gujarat Sports University,Gandhinagar ...,4icu.org/reviews/16113.htm
503,Central University of Gujarat,Gandhinagar,4icu.org/reviews/13157.htm
553,Karnavati University,Gandhinagar,4icu.org/reviews/17805.htm
556,Gujarat Forensic Sciences University,Gandhinagar,4icu.org/reviews/14409.htm
587,Indian Institute of Teacher Education,Gandhinagar,4icu.org/reviews/16021.htm
614,Children's University,Gandhinagar,4icu.org/reviews/15982.htm
670,Kadi Sarva Vishwavidyalaya,Gandhinagar,4icu.org/reviews/14338.htm
702,Kamdhenu University,Gandhinagar,4icu.org/reviews/16042.htm
709,Indian Institute of Public Health,Gandhinagar,4icu.org/reviews/17802.htm
788,Swarnim Startup and Innovation University,Gandhinagar,4icu.org/reviews/17809.htm
816,Institute of Advanced Research,Gandhinagar,4icu.org/reviews/16028.htm
189,Sikkim Manipal University,Gangtok,4icu.org/reviews/7370.htm
705,"ICFAI University, Sikkim",Gangtok,4icu.org/reviews/16006.htm
784,"SRM University, Sikkim",Gangtok,4icu.org/reviews/16109.htm
807,Vinayaka Missions Sikkim University,Gangtok,4icu.org/reviews/14380.htm
741,ISBM University,Gariyaband,4icu.org/reviews/16958.htm
448,Santosh University,Ghaziabad,4icu.org/reviews/15699.htm
728,Shri Govind Guru University,Godhra,4icu.org/reviews/16104.htm
232,Deen Dayal Upadhyay Gorakhpur University,Gorakhpur,4icu.org/reviews/12156.htm
428,Madan Mohan Malaviya University of Technology,Gorakhpur,4icu.org/reviews/16053.htm
65,Sharda University,Greater Noida,4icu.org/reviews/14387.htm
230,Bennett University,Greater Noida,4icu.org/reviews/17875.htm
359,Gautam Buddha University,Greater Noida,4icu.org/reviews/13145.htm
398,Noida International University,Greater Noida,4icu.org/reviews/14392.htm
66,Gulbarga University,Gulbarga,4icu.org/reviews/2021.htm
501,Central University of Karnataka,Gulbarga,4icu.org/reviews/13161.htm
872,Sharnbasva University,Gulbarga,4icu.org/reviews/17830.htm
198,Acharya Nagarjuna University,Guntur,4icu.org/reviews/2077.htm
369,Vignan University,Guntur,4icu.org/reviews/15665.htm
734,GIET University,Gunupur,4icu.org/reviews/18739.htm
166,The Northcap University,Gurgaon ...,4icu.org/reviews/2046.htm
218,BML Munjal University,Gurgaon,4icu.org/reviews/15974.htm
241,GD Goenka University,Gurgaon,4icu.org/reviews/17813.htm
312,Shree Guru Gobind Singh Tricentenary University,Gurgaon,4icu.org/reviews/16103.htm
356,Apeejay Stya University,Gurgaon,4icu.org/reviews/14342.htm
440,K.R. Mangalam University,Gurgaon,4icu.org/reviews/16040.htm
628,Sushant University,Gurgaon,4icu.org/reviews/17812.htm
757,Starex University,Gurgaon,4icu.org/reviews/17816.htm
610,Shri Vishwakarma Skill University,Gurugram,4icu.org/reviews/17768.htm
24,Indian Institute of Technology Guwahati,Guwahati,4icu.org/reviews/2035.htm
85,Gauhati University,Guwahati,4icu.org/reviews/2015.htm
326,Assam Don Bosco University,Guwahati,4icu.org/reviews/14330.htm
378,Assam Science and Technology University,Guwahati,4icu.org/reviews/15657.htm
459,Cotton University,Guwahati,4icu.org/reviews/15660.htm
478,Assam Down Town University,Guwahati,4icu.org/reviews/15965.htm
534,"National Institute of Pharmaceutical Education and Research, Guwahati",Guwahati,4icu.org/reviews/13244.htm
560,National Law University and Judicial Academy,Guwahati,4icu.org/reviews/15662.htm
586,"Indian Institute of Information Technology, Guwahati",Guwahati,4icu.org/reviews/16009.htm
683,Srimanta Sankaradeva University of Health Sciences,Guwahati,4icu.org/reviews/15663.htm
140,Jiwaji University,Gwalior,4icu.org/reviews/2054.htm
327,Indian Institute of Information Technology and Management Gwalior,Gwalior,4icu.org/reviews/7326.htm
472,ITM University Gwalior,Gwalior,4icu.org/reviews/16030.htm
475,Rajmata Vijayaraje Scindia Krishi Vishwavidyalaya,Gwalior,4icu.org/reviews/16087.htm
555,Lakshmibai National Institute of Physical Education,Gwalior,4icu.org/reviews/7338.htm
798,Raja Mansingh Tomar Music and Arts University,Gwalior,4icu.org/reviews/16083.htm
662,"National Institute of Pharmaceutical Education and Research, Hajipur",Hajipur,4icu.org/reviews/13242.htm
284,"National Institute of Technology, Hamirpur",Hamirpur,4icu.org/reviews/12116.htm
308,Himachal Pradesh Technical University,Hamirpur,4icu.org/reviews/15704.htm
535,Career Point University,Hamirpur ...,4icu.org/reviews/15977.htm
804,Monad University,Hapur,4icu.org/reviews/16065.htm
372,Gurukul Kangri Vishwavidyalaya,Haridwar,4icu.org/reviews/15701.htm
695,Uttarakhand Sanskrit University,Haridwar,4icu.org/reviews/13147.htm
761,University of Patanjali,Haridwar,4icu.org/reviews/16125.htm
401,XIM University,Harirajpur ...,4icu.org/reviews/16134.htm
432,Vinoba Bhave University,Hazaribag,4icu.org/reviews/12099.htm
51,Chaudhary Charan Singh Haryana Agricultural University,Hisar,4icu.org/reviews/12113.htm
267,Guru Jambheshwar University of Science and Technology,Hisar,4icu.org/reviews/2023.htm
469,Lala Lajpat Rai University of Veterinary and Animal Sciences,Hisar,4icu.org/reviews/16051.htm
738,Guru Ravidas Ayurved University,Hoshiarpur,4icu.org/reviews/15998.htm
215,"Indian Institute of Engineering Science and Technology, Shibpur",Howrah ...,4icu.org/reviews/1993.htm
481,KLE Technological University,Hubli,4icu.org/reviews/17827.htm
789,Karnataka State Law University,Hubli,4icu.org/reviews/13131.htm
15,"International Institute of Information Technology, Hyderabad",Hyderabad,4icu.org/reviews/7325.htm
39,Osmania University,Hyderabad,4icu.org/reviews/2093.htm
61,University of Hyderabad,Hyderabad,4icu.org/reviews/2131.htm
77,Jawaharlal Nehru Technological University,Hyderabad ...,4icu.org/reviews/2052.htm
149,Nizam's Institute of Medical Sciences,Hyderabad,4icu.org/reviews/7349.htm
160,NALSAR University of Law,Hyderabad,4icu.org/reviews/7347.htm
265,Acharya N.G. Ranga Agricultural University,Hyderabad,4icu.org/reviews/1978.htm
275,The English and Foreign Languages University,Hyderabad,4icu.org/reviews/7308.htm
311,Rajiv Gandhi University of Knowledge Technologies,Hyderabad,4icu.org/reviews/16086.htm
316,Maulana Azad National Urdu University,Hyderabad,4icu.org/reviews/8080.htm
407,IFHE Hyderabad,Hyderabad,4icu.org/reviews/13169.htm
441,Professor Jayashankar Telangana State Agricultural University,Hyderabad,4icu.org/reviews/16080.htm
494,"National Institute of Pharmaceutical Education and Research, Hyderabad",Hyderabad,4icu.org/reviews/13240.htm
526,Jawaharlal Nehru Architecture and Fine Arts University,Hyderabad,4icu.org/reviews/14401.htm
571,Potti Sreeramulu Telugu University,Hyderabad,4icu.org/reviews/7374.htm
747,Sri Konda Laxman Telangana State Horticultural University,Hyderabad,4icu.org/reviews/17787.htm
294,Manipur University,Imphal,4icu.org/reviews/2070.htm
557,"National Institute of Technology, Manipur",Imphal,4icu.org/reviews/15643.htm
566,Central Agricultural University,Imphal,4icu.org/reviews/12135.htm
735,"Indian Institute of Information Technology, Manipur",Imphal,4icu.org/reviews/16013.htm
736,Manipur Technical University,Imphal,4icu.org/reviews/17779.htm
766,National Sports University,Imphal,4icu.org/reviews/18704.htm
870,Manipur University of Culture,Imphal,4icu.org/reviews/17780.htm
100,Devi Ahilya Vishwavidyalaya,Indore,4icu.org/reviews/2007.htm
172,Indian Institute of Technology Indore,Indore,4icu.org/reviews/14967.htm
405,Sage University,Indore,4icu.org/reviews/18405.htm
613,Medi-Caps University,Indore,4icu.org/reviews/17840.htm
729,Symbiosis University of Applied Sciences,Indore,4icu.org/reviews/17843.htm
753,Shri Vaishnav Vidyapeeth Vishwavidyalaya,Indore,4icu.org/reviews/17842.htm
765,Dr. B.R. Ambedkar University of Social Sciences,Indore,4icu.org/reviews/17774.htm
797,Oriental University,Indore,4icu.org/reviews/16071.htm
817,Dr. A.P.J Abdul Kalam University,Indore,4icu.org/reviews/17835.htm
878,Malwanchal University,Indore,4icu.org/reviews/17838.htm
333,North Eastern Regional Institute of Science and Technology,Itanagar,4icu.org/reviews/12088.htm
380,Rajiv Gandhi University,Itanagar,4icu.org/reviews/12089.htm
546,Himalayan University,Itanagar,4icu.org/reviews/17798.htm
862,Arunodaya University,Itanagar,4icu.org/reviews/17762.htm
240,Rani Durgavati Vishwavidyalaya,Jabalpur,4icu.org/reviews/7359.htm
355,Jawaharlal Nehru Krishi Vishwavidyalaya,Jabalpur,4icu.org/reviews/12125.htm
363,"PDPM Indian Institute of Information Technology, Design and Manufacturing",Jabalpur,4icu.org/reviews/13186.htm
643,Nanaji Deshmukh Veterinary Science University,Jabalpur,4icu.org/reviews/14417.htm
62,University of Rajasthan,Jaipur,4icu.org/reviews/2142.htm
119,"Malaviya National Institute of Technology, Jaipur",Jaipur,4icu.org/reviews/7341.htm
233,The LNM Institute of Information Technology,Jaipur,4icu.org/reviews/12148.htm
236,Jaipur National University,Jaipur,4icu.org/reviews/14367.htm
260,Suresh Gyan Vihar University,Jaipur,4icu.org/reviews/14377.htm
304,Poornima University,Jaipur,4icu.org/reviews/16078.htm
322,JECRC University,Jaipur,4icu.org/reviews/16036.htm
358,JK Lakshmipat University,Jaipur,4icu.org/reviews/16038.htm
366,NIMS University,Jaipur,4icu.org/reviews/14372.htm
373,The IIS University,Jaipur,4icu.org/reviews/15685.htm
381,Rajasthan University of Health Sciences,Jaipur,4icu.org/reviews/12170.htm
493,IIHMR University,Jaipur,4icu.org/reviews/17866.htm
533,Bhartiya Skill Development University,Jaipur,4icu.org/reviews/17863.htm
563,Jagannath University,Jaipur,4icu.org/reviews/14366.htm
572,Vivekananda Global University,Jaipur,4icu.org/reviews/16131.htm
592,Mahatma Gandhi University of Medical Sciences and Technology,Jaipur,4icu.org/reviews/16062.htm
615,Jayoti Vidyapeeth Women's University,Jaipur,4icu.org/reviews/14369.htm
619,Jagadguru Ramanandacharya Rajasthan Sanskrit University,Jaipur,4icu.org/reviews/12144.htm
648,Mahatma Jyoti Rao Phoole University,Jaipur,4icu.org/reviews/14370.htm
715,University of Technology,Jaipur,4icu.org/reviews/17873.htm
746,"ICFAI University, Jaipur",Jaipur,4icu.org/reviews/17865.htm
792,Apex University,Jaipur,4icu.org/reviews/18736.htm
835,Pratap University,Jaipur,4icu.org/reviews/16079.htm
848,Haridev Joshi University of Journalism and Mass Communication,Jaipur,4icu.org/reviews/15999.htm
122,Dr. B R Ambedkar National Institute of Technology Jalandhar,Jalandhar,4icu.org/reviews/12141.htm
491,DAV University,Jalandhar,4icu.org/reviews/17858.htm
847,Sant Baba Bhag Singh University,Jalandhar,4icu.org/reviews/17861.htm
138,Kavayitri Bahinabai Chaudhari North Maharashtra University,Jalgaon ...,4icu.org/reviews/2090.htm
238,University of Jammu,Jammu,4icu.org/reviews/2132.htm
418,Central University of Jammu,Jammu,4icu.org/reviews/15654.htm
517,Sher-e-Kashmir University of Agricultural Sciences and Technology of Jammu,Jammu,4icu.org/reviews/16102.htm
627,Cluster University of Jammu,Jammu,4icu.org/reviews/17769.htm
408,Gujarat Ayurved University,Jamnagar,4icu.org/reviews/2019.htm
250,"National Institute of Technology, Jamshedpur",Jamshedpur,4icu.org/reviews/12118.htm
234,Veer Bahadur Singh Purvanchal University,Jaunpur,4icu.org/reviews/12162.htm
800,Jagan Nath University,Jhajjar,4icu.org/reviews/16033.htm
272,Bundelkhand University,Jhansi,4icu.org/reviews/2001.htm
593,Rani Lakshmi Bai Central Agricultural University,Jhansi,4icu.org/reviews/17765.htm
352,Singhania University,Jhunjhunu,4icu.org/reviews/14376.htm
777,Shri Jagdishprasad Jhabrmal Tibrewala University,Jhunjhunu,4icu.org/reviews/14374.htm
471,Chaudhary Ranbir Singh University,Jind,4icu.org/reviews/15980.htm
146,Indian Institute of Technology Jodhpur,Jodhpur,4icu.org/reviews/14969.htm
153,All India Institute of Medical Sciences Jodhpur,Jodhpur,4icu.org/reviews/15957.htm
191,"National Law University, Jodhpur",Jodhpur,4icu.org/reviews/7355.htm
467,Jai Narain Vyas University,Jodhpur,4icu.org/reviews/7332.htm
675,"Sardar Patel University of Police, Security and Criminal Justice",Jodhpur,4icu.org/reviews/16096.htm
768,Jodhpur National University,Jodhpur,4icu.org/reviews/14368.htm
873,"Maulana Azad University, Jodhpur",Jodhpur,4icu.org/reviews/16064.htm
Un,Dr. Sarvepalli Radhakrishnan Rajasthan Ayurved University,Jodhpur,4icu.org/reviews/12143.htm
866,CMJ University,Jorabat,4icu.org/reviews/17853.htm
703,EIILM University,Jorethang,4icu.org/reviews/14379.htm
207,Assam Agricultural University,Jorhat,4icu.org/reviews/1987.htm
449,Kaziranga University,Jorhat,4icu.org/reviews/16048.htm
822,Assam Women's University,Jorhat,4icu.org/reviews/15658.htm
317,Junagadh Agricultural University,Junagadh,4icu.org/reviews/12110.htm
584,Yogi Vemana University,Kadapa,4icu.org/reviews/13115.htm
787,NIILM University,Kaithal,4icu.org/reviews/16069.htm
325,"Jawaharlal Nehru Technological University, Kakinada",Kakinada,4icu.org/reviews/14403.htm
573,Sree Sankaracharya University of Sanskrit,Kalady,4icu.org/reviews/7373.htm
602,"Chitkara University, Himachal Pradesh",Kalujhanda,4icu.org/reviews/17818.htm
607,IEC University,Kalujhanda,4icu.org/reviews/16007.htm
254,University of Kalyani,Kalyani,4icu.org/reviews/7337.htm
723,"Indian Institute of Information Technology, Kalyani",Kalyani,4icu.org/reviews/16010.htm
68,Chhatrapati Shahu Ji Maharaj University,Kalyanpur,4icu.org/reviews/2057.htm
507,Sri Chandrasekharendra Saraswathi Viswa Mahavidyalaya,Kanchipuram,4icu.org/reviews/7335.htm
461,Central University of Himachal Pradesh,Kangra,4icu.org/reviews/13247.htm
152,Kannur University,Kannur,4icu.org/reviews/7336.htm
3,Indian Institute of Technology Kanpur,Kanpur,4icu.org/reviews/2036.htm
436,Chandra Shekhar Azad University of Agriculture and Technology,Kanpur,4icu.org/reviews/7309.htm
492,Rama University,Kanpur,4icu.org/reviews/16089.htm
550,Harcourt Butler Technical University,Kanpur,4icu.org/reviews/17791.htm
640,Siddharth University,Kapilvastu,4icu.org/reviews/17790.htm
148,Punjab Technical University,Kapurthala,4icu.org/reviews/7357.htm
552,Krishna Institute of Medical Sciences,Karad,4icu.org/reviews/15681.htm
423,"National Institute of Technology, Puducherry",Karaikal,4icu.org/reviews/15647.htm
105,Alagappa University,Karaikudi,4icu.org/reviews/1979.htm
357,Satavahana University,Karimnagar,4icu.org/reviews/14404.htm
183,National Dairy Research Institute,Karnal ...,4icu.org/reviews/7298.htm
519,Central University of Kerala,Kasaragod,4icu.org/reviews/13162.htm
663,Arni University,Kathgarh,4icu.org/reviews/14349.htm
599,Maharishi Mahesh Yogi Vedic Vishwavidyalaya,Katni ...,4icu.org/reviews/13133.htm
310,Shri Mata Vaishno Devi University,Katra,4icu.org/reviews/7371.htm
657,Bhakta Kavi Narsinh Mehta University,Khadia,4icu.org/reviews/15971.htm
661,Indira Kala Sangeet Vishwavidyalaya,Khairagarh,4icu.org/reviews/7301.htm
694,"Mahatma Gandhi University, Meghalaya",Khanapara,4icu.org/reviews/14358.htm
647,Bhagat Phool Singh Mahila Vishwavidyalaya,Khanpur Kalan,4icu.org/reviews/13123.htm
6,Indian Institute of Technology Kharagpur,Kharagpur,4icu.org/reviews/2037.htm
514,Rayat-Bahra University,Kharar,4icu.org/reviews/16090.htm
49,Cochin University of Science and Technology,Kochi,4icu.org/reviews/7310.htm
445,Kerala University of Fisheries and Ocean Studies,Kochi,4icu.org/reviews/14414.htm
484,The National University of Advanced Legal Studies,Kochi,4icu.org/reviews/13132.htm
483,Mother Teresa Women's University,Kodaikanal,4icu.org/reviews/2075.htm
348,Nagaland University,Kohima,4icu.org/reviews/7346.htm
466,Bodoland University,Kokrajhar,4icu.org/reviews/15659.htm
677,Bengaluru North University,Kolar,4icu.org/reviews/17772.htm
707,Sri Devaraj Urs Academy of Higher Education and Research,Kolar,4icu.org/reviews/15674.htm
168,Shivaji University,Kolhapur,4icu.org/reviews/2109.htm
776,Sanjay Ghodawat University,Kolhapur,4icu.org/reviews/17849.htm
30,Indian Statistical Institute,Kolkata ...,4icu.org/reviews/2040.htm
50,University of Calcutta,Kolkata,4icu.org/reviews/2128.htm
64,"University of Engineering and Management, Kolkata",Kolkata,4icu.org/reviews/17891.htm
67,"Maulana Abul Kalam Azad University of Technology, West Bengal",Kolkata,4icu.org/reviews/7382.htm
70,Jadavpur University,Kolkata,4icu.org/reviews/2048.htm
176,Presidency University,Kolkata,4icu.org/reviews/14426.htm
242,The West Bengal National University of Juridical Sciences,Kolkata,4icu.org/reviews/12166.htm
262,Rabindra Bharati University,Kolkata,4icu.org/reviews/2101.htm
290,West Bengal University of Health Sciences,Kolkata,4icu.org/reviews/12167.htm
410,Aliah University,Kolkata,4icu.org/reviews/13149.htm
485,Techno India University,Kolkata,4icu.org/reviews/17889.htm
611,West Bengal University of Animal and Fishery Sciences,Kolkata,4icu.org/reviews/2149.htm
637,St. Xavier's University,Kolkata,4icu.org/reviews/17888.htm
755,"West Bengal University of Teachers' Training, Education Planning and Administration",Kolkata,4icu.org/reviews/16132.htm
756,"National Institute of Pharmaceutical Education and Research, Kolkata",Kolkata,4icu.org/reviews/13241.htm
846,The Sanskrit College and University,Kolkata,4icu.org/reviews/17796.htm
464,Central University of Odisha,Koraput,4icu.org/reviews/13163.htm
744,P P Savani University,Kosamba,4icu.org/reviews/17806.htm
193,Rajasthan Technical University Kota,Kota,4icu.org/reviews/13141.htm
361,University of Kota,Kota,4icu.org/reviews/12146.htm
79,Mahatma Gandhi University,Kottayam,4icu.org/reviews/2066.htm
687,"Indian Institute of Information Technology, Kottayam",Kottayam,4icu.org/reviews/16011.htm
298,Kalasalingam Academy of Research and Education,Krishnankoil,4icu.org/reviews/15689.htm
632,Dravidian University,Kuppam,4icu.org/reviews/12085.htm
417,Rayalaseema University,Kurnool,4icu.org/reviews/13111.htm
46,Kurukshetra University,Kurukshetra ...,4icu.org/reviews/2059.htm
257,"National Institute of Technology, Kurukshetra",Kurukshetra,4icu.org/reviews/7360.htm
515,Jain Vishva Bharati Institute,Ladnun,4icu.org/reviews/12147.htm
522,Mody University of Science and Technology,Lakshmangarh,4icu.org/reviews/15687.htm
443,Dr. Babasaheb Ambedkar Technological University,Lonere,4icu.org/reviews/12130.htm
360,Pravara Institute of Medical Sciences,Loni,4icu.org/reviews/9681.htm
27,University of Lucknow,Lucknow,4icu.org/reviews/2135.htm
40,Dr. A.P.J. Abdul Kalam Technical University,Lucknow,4icu.org/reviews/12161.htm
145,Babasaheb Bhimrao Ambedkar University,Lucknow,4icu.org/reviews/2010.htm
170,Sanjay Gandhi Post Graduate Institute of Medical Sciences,Lucknow,4icu.org/reviews/2105.htm
245,Dr. Shakuntala Misra National Rehabilitation University,Lucknow,4icu.org/reviews/13144.htm
246,King George's Medical University,Lucknow,4icu.org/reviews/12158.htm
276,Integral University,Lucknow,4icu.org/reviews/12159.htm
295,Dr. Ram Manohar Lohiya National Law University,Lucknow,4icu.org/reviews/13143.htm
562,Babu Banarasi Das University,Lucknow,4icu.org/reviews/14391.htm
596,"Indian Institute of Information Technology, Lucknow",Lucknow,4icu.org/reviews/16012.htm
720,Khwaja Moinuddin Chishti Language University,Lucknow,4icu.org/reviews/16049.htm
730,Era University,Lucknow,4icu.org/reviews/17876.htm
775,Maharishi University,Lucknow,4icu.org/reviews/17878.htm
833,Bhatkhande Music Institute,Lucknow,4icu.org/reviews/13214.htm
142,Punjab Agricultural University,Ludhiana ...,4icu.org/reviews/2099.htm
393,Guru Angad Dev Veterinary and Animal Sciences University,Ludhiana,4icu.org/reviews/13138.htm
551,Krishna University,Machilipatnam,4icu.org/reviews/13109.htm
625,Bhupendra Narayan Mandal University,Madhepura,4icu.org/reviews/12090.htm
88,Madurai Kamaraj University,Madurai,4icu.org/reviews/2063.htm
463,Palamuru University,Mahabubnagar,4icu.org/reviews/13110.htm
383,Central University of Haryana,Mahendragarh,4icu.org/reviews/13158.htm
399,University of Gour Banga,Malda,4icu.org/reviews/13150.htm
116,Indian Institute of Technology Mandi,Mandi,4icu.org/reviews/14968.htm
635,RIMT University,Mandi Gobindgarh ...,4icu.org/reviews/17860.htm
690,Desh Bhagat University,Mandi Gobindgarh,4icu.org/reviews/15986.htm
791,Mandsaur University,Mandsaur,4icu.org/reviews/17839.htm
82,"National Institute of Technology, Karnataka",Mangalore,4icu.org/reviews/7253.htm
252,Mangalore University,Mangalore,4icu.org/reviews/2068.htm
293,NITTE University,Mangalore,4icu.org/reviews/13179.htm
437,Yenepoya University,Mangalore,4icu.org/reviews/15677.htm
764,Srinivas University,Mangalore,4icu.org/reviews/17831.htm
11,Manipal Academy of Higher Education,Manipal ...,4icu.org/reviews/2069.htm
528,U.P. Pt. Deen Dayal Upadhyaya Veterinary Science University and Cattle Research Institute,Mathura,4icu.org/reviews/16120.htm
574,Sanskriti University,Mathura,4icu.org/reviews/17880.htm
717,Nilamber-Pitamber University,Medininagar,4icu.org/reviews/13128.htm
99,Chaudhary Charan Singh University,Meerut,4icu.org/reviews/2004.htm
155,Swami Vivekanand Subharti University,Meerut,4icu.org/reviews/14388.htm
470,Shobhit Institute of Engineering and Technology,Meerut,4icu.org/reviews/15698.htm
585,Sardar Vallabhbhai Patel University of Agriculture and Technology,Meerut,4icu.org/reviews/7284.htm
629,IIMT University,Meerut,4icu.org/reviews/17877.htm
237,Ganpat University,Mehsana,4icu.org/reviews/14337.htm
594,Rabindranath Tagore University,Mendua Village,4icu.org/reviews/17833.htm
289,Vidyasagar University,Midnapore,4icu.org/reviews/2145.htm
26,Chandigarh University,Mohali ...,4icu.org/reviews/15979.htm
253,"Indian Institute of Science Education and Research, Mohali",Mohali,4icu.org/reviews/16019.htm
377,"National Institute of Pharmaceutical Education and Research, S.A.S. Nagar",Mohali,4icu.org/reviews/7350.htm
147,"Indian Institute of Science Education and Research, Kolkata",Mohanpur,4icu.org/reviews/16018.htm
243,Bidhan Chandra Krishi Vishwavidyalaya,Mohanpur,4icu.org/reviews/12165.htm
287,Teerthanker Mahaveer University,Moradabad,4icu.org/reviews/14386.htm
719,IFTM University,Moradabad,4icu.org/reviews/14390.htm
365,"Mahatma Gandhi Central University, Motihari",Motihari,4icu.org/reviews/15652.htm
187,"Maharishi Markandeshwar University, Mullana",Mullana ...,4icu.org/reviews/15669.htm
2,Indian Institute of Technology Bombay,Mumbai,4icu.org/reviews/2033.htm
16,Narsee Monjee Institute of Management and Higher Studies,Mumbai,4icu.org/reviews/10326.htm
22,Tata Institute of Fundamental Research,Mumbai,4icu.org/reviews/13195.htm
23,University of Mumbai,Mumbai,4icu.org/reviews/2138.htm
25,Tata Institute of Social Sciences,Mumbai,4icu.org/reviews/2121.htm
103,Indira Gandhi Institute of Development Research,Mumbai,4icu.org/reviews/7324.htm
224,International Institute for Population Sciences,Mumbai,4icu.org/reviews/2047.htm
244,Institute of Chemical Technology,Mumbai,4icu.org/reviews/13196.htm
422,Central Institute of Fisheries Education,Mumbai,4icu.org/reviews/13187.htm
435,Shreemati Nathibai Damodar Thackersey Women's University,Mumbai,4icu.org/reviews/2110.htm
512,Homi Bhabha National Institute,Mumbai,4icu.org/reviews/13191.htm
642,Maharashtra National Law University Mumbai,Mumbai,4icu.org/reviews/17776.htm
860,"Maharishi Arvind University, Jaipur",Mundiya Purohitan,4icu.org/reviews/17868.htm
314,Deenbandhu Chhotu Ram University of Science and Technology,Murthal,4icu.org/reviews/13124.htm
403,Babasaheb Bhimrao Ambedkar Bihar University,Muzaffarpur,4icu.org/reviews/12091.htm
63,University of Mysore,Mysore ...,4icu.org/reviews/2139.htm
425,JSS Academy of Higher Education and Research,Mysore ...,4icu.org/reviews/13177.htm
834,KSGH Music and Performing Arts University,Mysore,4icu.org/reviews/16045.htm
838,JSS Science and Technology University,Mysore,4icu.org/reviews/17826.htm
306,Dharmsinh Desai University,Nadiad,4icu.org/reviews/7312.htm
844,Mahapurusha Srimanta Sankaradeva Viswavidyalaya,Nagaon,4icu.org/reviews/16055.htm
465,Tamil Nadu Dr. J. Jayalalithaa Fisheries University,Nagapattinam ...,4icu.org/reviews/16114.htm
223,Visvesvaraya National Institute of Technology,Nagpur,4icu.org/reviews/2148.htm
433,Rashtrasant Tukadoji Maharaj Nagpur University,Nagpur,4icu.org/reviews/2078.htm
544,Maharashtra Animal and Fishery Sciences University,Nagpur,4icu.org/reviews/12133.htm
646,"Maharashtra National Law University, Nagpur",Nagpur,4icu.org/reviews/17778.htm
696,Datta Meghe Institute of Medical Sciences,Nagpur,4icu.org/reviews/13188.htm
842,Kavi Kulguru Kalidas Sanskrit Vishwavidyalaya,Nagpur,4icu.org/reviews/16046.htm
395,Kumaun University,Nainital,4icu.org/reviews/12163.htm
821,Kumar Bhaskar Varma Sanskrit and Ancient Studies University,Nalbari,4icu.org/reviews/15661.htm
575,"Mahatma Gandhi University, Nalgonda",Nalgonda,4icu.org/reviews/13108.htm
354,Arunachal University of Studies,Namsai,4icu.org/reviews/15963.htm
194,Swami Ramanand Teerth Marathwada University,Nanded,4icu.org/reviews/2117.htm
217,Maharashtra University of Health Sciences,Nashik,4icu.org/reviews/7344.htm
490,Sandip University,Nashik ...,4icu.org/reviews/17758.htm
396,Dr. Y.S. Parmar University of Horticulture and Forestry,Nauni,4icu.org/reviews/2011.htm
185,Padmashree Dr. D.Y. Patil Vidyapith,Navi Mumbai,4icu.org/reviews/7314.htm
590,MGM Institute of Health Sciences,Navi Mumbai,4icu.org/reviews/13193.htm
264,Navsari Agricultural University,Navsari ...,4icu.org/reviews/12111.htm
630,"International Institute of Information Technology, Naya Raipur",Naya Raipur,4icu.org/reviews/17766.htm
209,NIIT University,Neemrana,4icu.org/reviews/17870.htm
767,Raffles University,Neemrana,4icu.org/reviews/14363.htm
579,Vikrama Simhapuri University,Nellore,4icu.org/reviews/13114.htm
1,University of Delhi,New Delhi,4icu.org/reviews/2130.htm
5,Indian Institute of Technology Delhi,New Delhi,4icu.org/reviews/2034.htm
8,Jawaharlal Nehru University,New Delhi,4icu.org/reviews/2053.htm
20,All India Institute of Medical Sciences Delhi,New Delhi,4icu.org/reviews/1981.htm
28,Jamia Millia Islamia,New Delhi,4icu.org/reviews/7296.htm
44,National Institute of Fashion Technology,New Delhi ...,4icu.org/reviews/13238.htm
45,Guru Gobind Singh Indraprastha University,New Delhi,4icu.org/reviews/7330.htm
94,Delhi Technological University,New Delhi,4icu.org/reviews/13153.htm
96,Indian Institute of Foreign Trade,New Delhi,4icu.org/reviews/10324.htm
123,Indraprastha Institute of Information Technology,New Delhi,4icu.org/reviews/13154.htm
139,Jamia Hamdard,New Delhi,4icu.org/reviews/7331.htm
163,Indian Agricultural Research Institute,New Delhi,4icu.org/reviews/7321.htm
169,"National Law University, Delhi",New Delhi,4icu.org/reviews/13155.htm
173,National Institute of Educational Planning and Administration,New Delhi,4icu.org/reviews/13172.htm
192,Ambedkar University Delhi,New Delhi,4icu.org/reviews/13152.htm
251,South Asian University,New Delhi,4icu.org/reviews/14397.htm
266,Rashtriya Sanskrit Sansthan University,New Delhi,4icu.org/reviews/12104.htm
286,"School of Planning and Architecture, Delhi",New Delhi,4icu.org/reviews/10328.htm
303,TERI School of Advanced Studies,New Delhi,4icu.org/reviews/12103.htm
374,Shri Lal Bahadur Shastri Rashtriya Sanskrit Vidyapeetha,New Delhi,4icu.org/reviews/13173.htm
384,"National Institute of Technology, Delhi",New Delhi,4icu.org/reviews/15641.htm
404,The Indian Law Institute,New Delhi,4icu.org/reviews/12105.htm
495,Delhi Pharmaceutical Sciences and Research University,New Delhi,4icu.org/reviews/17767.htm
521,Indira Gandhi Delhi Technical University for Women,New Delhi,4icu.org/reviews/16023.htm
692,Dr K.N. Modi University,Newai,4icu.org/reviews/14365.htm
518,Telangana University,Nizamabad,4icu.org/reviews/13113.htm
14,Amity University,Noida ...,4icu.org/reviews/12299.htm
184,Galgotias University,Noida,4icu.org/reviews/14381.htm
271,Jaypee Institute of Information Technology,Noida,4icu.org/reviews/15697.htm
48,CSK Himachal Pradesh Krishi Vishvavidyalaya,Palampur,4icu.org/reviews/2026.htm
832,Sri Sai University,Palampur,4icu.org/reviews/14352.htm
431,Sardarkrushinagar Dantiwada Agricultural University,Palanpur,4icu.org/reviews/2018.htm
754,MVN University,Palwal,4icu.org/reviews/16067.htm
130,Govind Ballabh Pant University of Agriculture and Technology,Pantnagar,4icu.org/reviews/7316.htm
479,Vasantrao Naik Marathwada Krishi Vidyapeeth,Parbhani ...,4icu.org/reviews/2073.htm
781,Apex Professional University,Pasighat,4icu.org/reviews/17797.htm
249,Hemchandracharya North Gujarat University,Patan,4icu.org/reviews/2089.htm
86,Thapar Institute of Engineering and Technology,Patiala,4icu.org/reviews/2123.htm
197,Punjabi University Patiala,Patiala,4icu.org/reviews/2100.htm
424,Rajiv Gandhi National University of Law,Patiala,4icu.org/reviews/13139.htm
92,Patna University,Patna,4icu.org/reviews/7300.htm
167,All India Institute of Medical Sciences Patna,Patna,4icu.org/reviews/15958.htm
181,Indian Institute of Technology Patna,Patna,4icu.org/reviews/13224.htm
292,"National Institute of Technology, Patna",Patna,4icu.org/reviews/13232.htm
353,Central University of South Bihar,Patna,4icu.org/reviews/13156.htm
412,Indira Gandhi Institute of Medical Sciences,Patna,4icu.org/reviews/16024.htm
487,Chanakya National Law University,Patna,4icu.org/reviews/13116.htm
511,Aryabhatta Knowledge University,Patna,4icu.org/reviews/14406.htm
712,Maulana Mazharul Haque Arabic and Persian University,Patna,4icu.org/reviews/13117.htm
19,Lovely Professional University,Phagwara,4icu.org/reviews/13931.htm
666,GNA University,Phagwara,4icu.org/reviews/15992.htm
17,Birla Institute of Technology and Science,Pilani ...,4icu.org/reviews/1998.htm
752,Shridhar University,Pilani,4icu.org/reviews/14378.htm
543,Madhav University,Pindwara,4icu.org/reviews/16054.htm
770,Himalayan Garhwal University,Pokhara Village,4icu.org/reviews/17881.htm
513,Kerala Veterinary and Animal Sciences University,Pookode,4icu.org/reviews/14415.htm
115,Jawaharlal Institute of Postgraduate Medical Education and Research,Puducherry,4icu.org/reviews/13239.htm
126,Pondicherry University,Puducherry ...,4icu.org/reviews/2098.htm
568,Sri Balaji Vidyapeeth,Puducherry,4icu.org/reviews/15703.htm
664,Islamic University of Science and Technology,Pulwama,4icu.org/reviews/13126.htm
564,Uttar Banga Krishi Viswavidyalaya,Pundibari,4icu.org/reviews/12168.htm
9,Savitribai Phule Pune University,Pune,4icu.org/reviews/2141.htm
97,"Indian Institute of Science Education and Research, Pune",Pune,4icu.org/reviews/16022.htm
117,Symbiosis International University,Pune,4icu.org/reviews/7369.htm
178,Bharati Vidyapeeth Deemed University,Pune ...,4icu.org/reviews/1996.htm
188,Dr. Vishwanath Karad MIT World Peace University,Pune,4icu.org/reviews/17846.htm
201,Flame University,Pune,4icu.org/reviews/17847.htm
320,Gokhale Institute of Politics and Economics,Pune,4icu.org/reviews/13190.htm
342,Dr. D.Y. Patil Vidyapeeth,Pune,4icu.org/reviews/15680.htm
420,MIT Art Design and Technology University,Pune,4icu.org/reviews/17848.htm
505,Tilak Maharashtra Vidyapeeth,Pune,4icu.org/reviews/15682.htm
538,Ajeenkya D.Y. Patil University,Pune,4icu.org/reviews/17845.htm
567,Vishwakarma University,Pune,4icu.org/reviews/17851.htm
616,Deccan College Post-Graduate and Research Institute,Pune,4icu.org/reviews/13189.htm
722,"Indian Institute of Information Technology, Pune",Pune,4icu.org/reviews/18871.htm
852,Spicer Adventist University,Pune,4icu.org/reviews/17850.htm
58,"Chitkara University, Punjab",Punjab,4icu.org/reviews/14345.htm
774,Shri Jagannath Sanskrit Vishvavidyalaya,Puri,4icu.org/reviews/7302.htm
561,Sidho Kanho Birsha University,Purulia ...,4icu.org/reviews/14427.htm
778,Sri Guru Ram Das University of Health Sciences,Qila Jiwan Singh,4icu.org/reviews/17862.htm
714,"National Institute of Pharmaceutical Education and Research, Rae Bareli",Rae Bareli,4icu.org/reviews/13245.htm
502,Rajiv Gandhi Institute of Petroleum Technology,Raebareli,4icu.org/reviews/15650.htm
812,Rajiv Gandhi National Aviation University,Raebareli,4icu.org/reviews/17764.htm
651,Jaypee University of Engineering and Technology,Raghogarh,4icu.org/reviews/14356.htm
442,Mahatma Phule Krishi Vidyapeeth,Rahuri,4icu.org/reviews/2067.htm
704,"University of Agricultural Sciences, Raichur",Raichur,4icu.org/reviews/16123.htm
659,Raiganj University,Raiganj,4icu.org/reviews/17795.htm
706,O.P. Jindal University,Raigarh,4icu.org/reviews/17800.htm
133,All India Institute of Medical Sciences Raipur,Raipur,4icu.org/reviews/15959.htm
165,ITM University Raipur,Raipur,4icu.org/reviews/16031.htm
206,"National Institute of Technology, Raipur",Raipur,4icu.org/reviews/13233.htm
335,Pandit Ravishankar Shukla University,Raipur,4icu.org/reviews/2095.htm
421,Hidayatullah National Law University,Raipur,4icu.org/reviews/12101.htm
520,Indira Gandhi Krishi Vishwavidyalaya,Raipur,4icu.org/reviews/7323.htm
523,Kalinga University,Raipur,4icu.org/reviews/16041.htm
633,Ayush and Health Sciences University of Chhattisgarh,Raipur,4icu.org/reviews/14407.htm
700,Kushabhau Thakre Patrakarita Avam Jansanchar University,Raipur,4icu.org/reviews/12102.htm
740,Chhattisgarh Kamdhenu Vishwavidyalaya,Raipur,4icu.org/reviews/15981.htm
434,Adikavi Nannaya University,Rajahmundry,4icu.org/reviews/13107.htm
296,Nalanda University,Rajgir,4icu.org/reviews/15653.htm
151,Saurashtra University,Rajkot,4icu.org/reviews/2107.htm
220,Marwadi University,Rajkot,4icu.org/reviews/17630.htm
620,RK University,Rajkot,4icu.org/reviews/16092.htm
676,Atmiya University,Rajkot,4icu.org/reviews/18737.htm
42,Baba Ghulam Shah Badhshah University,Rajouri,4icu.org/reviews/12117.htm
814,Indrashil University,Rajpur,4icu.org/reviews/17803.htm
793,Mohammad Ali Jauhar University,Rampur,4icu.org/reviews/14385.htm
69,Birla Institute of Technology,Ranchi ...,4icu.org/reviews/1999.htm
225,National University of Study and Research in Law,Ranchi,4icu.org/reviews/14411.htm
343,Central University of Jharkhand,Ranchi,4icu.org/reviews/13159.htm
406,Ranchi University,Ranchi,4icu.org/reviews/12096.htm
548,Birsa Agricultural University,Ranchi,4icu.org/reviews/2000.htm
699,Usha Martin University,Ranchi,4icu.org/reviews/17822.htm
711,"ICFAI University, Jharkhand",Ranchi,4icu.org/reviews/14353.htm
737,Jharkhand Rai University,Ranchi,4icu.org/reviews/16037.htm
772,Sarala Birla University,Ranchi,4icu.org/reviews/17821.htm
829,Sai Nath University,Ranchi,4icu.org/reviews/16094.htm
836,Pragyan International University,Ranchi,4icu.org/reviews/17820.htm
874,Jharkhand Raksha Shakti University,Ranchi,4icu.org/reviews/17770.htm
877,YBN University,Ranchi,4icu.org/reviews/17823.htm
447,"National Institute of Technology, Sikkim",Ravangla,4icu.org/reviews/15648.htm
506,Awadhesh Pratap Singh University,Rewa,4icu.org/reviews/7317.htm
387,"Indira Gandhi University, Meerpur",Rewari,4icu.org/reviews/16026.htm
228,All India Institute of Medical Sciences Rishikesh,Rishikesh,4icu.org/reviews/15960.htm
216,Pt. Bhagwat Dayal Sharma University of Health Sciences,Rohtak,4icu.org/reviews/13125.htm
324,Maharishi Dayanand University,Rohtak,4icu.org/reviews/2065.htm
689,Baba Mastnath University,Rohtak,4icu.org/reviews/15968.htm
867,State University of Performing and Visual Arts,Rohtak,4icu.org/reviews/16110.htm
32,Indian Institute of Technology Roorkee,Roorkee,4icu.org/reviews/2143.htm
305,Quantum University,Roorkee,4icu.org/reviews/17882.htm
53,"National Institute of Technology, Rourkela",Rourkela,4icu.org/reviews/7353.htm
370,Biju Patnaik University of Technology,Rourkela ...,4icu.org/reviews/12137.htm
177,Indian Institute of Technology Ropar,Rupnagar,4icu.org/reviews/13223.htm
389,Dr. Hari Singh Gour University,Sagar,4icu.org/reviews/7365.htm
801,Swami Vivekanand University,Sagar,4icu.org/reviews/16112.htm
390,Glocal University,Saharanpur,4icu.org/reviews/15990.htm
580,Uttar Pradesh University of Medical Sciences,Saifai,4icu.org/reviews/17793.htm
845,G.H. Raisoni University,Saikheda,4icu.org/reviews/17836.htm
208,Periyar University,Salem,4icu.org/reviews/16076.htm
394,Vinayaka Mission's Research Foundation,Salem,4icu.org/reviews/16130.htm
282,Dr. Rajendra Prasad Central Agricultural University,Samastipur,4icu.org/reviews/12095.htm
227,Veer Surendra Sai University of Technology,Sambalpur,4icu.org/reviews/13137.htm
608,Gangadhar Meher University,Sambalpur,4icu.org/reviews/17783.htm
749,Sanchi University of Buddhist-Indic Studies,Sanchi,4icu.org/reviews/17775.htm
328,Sant Longowal Institute of Engineering and Technology,Sangrur,4icu.org/reviews/13197.htm
656,Institute of Advanced Studies in Education,Sardarshahr,4icu.org/reviews/15684.htm
742,The Neotia University,Sarisha ...,4icu.org/reviews/17890.htm
751,Diamond Harbour Women's University,Sarisha,4icu.org/reviews/15987.htm
510,AKS University,Satna,4icu.org/reviews/17832.htm
724,Sri Satya Sai University of Technology and Medical Sciences,Sehore,4icu.org/reviews/16107.htm
499,Dev Sanskriti Vishwavidyalaya,Shantikunj,4icu.org/reviews/7313.htm
856,Karnataka Janapada Vishwavidyalaya,Shiggaon,4icu.org/reviews/16043.htm
785,JS University,Shikohabad,4icu.org/reviews/16039.htm
109,North Eastern Hill University,Shillong ...,4icu.org/reviews/2088.htm
307,"National Institute of Technology, Meghalaya",Shillong,4icu.org/reviews/15644.htm
773,Martin Luther Christian University,Shillong,4icu.org/reviews/14357.htm
803,MIT University,Shillong,4icu.org/reviews/14360.htm
840,"William Carey University, Meghalaya",Shillong,4icu.org/reviews/16133.htm
150,Himachal Pradesh University,Shimla,4icu.org/reviews/2027.htm
649,Alakh Prakash Goyal Shimla University,Shimla,4icu.org/reviews/15961.htm
212,Kuvempu University,Shimoga,4icu.org/reviews/2060.htm
780,"University of Agricultural and Horticultural Sciences, Shivamogga",Shimoga,4icu.org/reviews/16122.htm
Un,"Sandip University, Sijoul",Sijoul,4icu.org/reviews/17759.htm
411,Pandit Deendayal Upadhyaya Shekhawati University,Sikar,4icu.org/reviews/16073.htm
72,"National Institute of Technology, Silchar",Silchar,4icu.org/reviews/7354.htm
247,Assam University,Silchar,4icu.org/reviews/17763.htm
205,University of North Bengal,Siliguri,4icu.org/reviews/2140.htm
457,Chaudhary Devi Lal University,Sirsa,4icu.org/reviews/12114.htm
813,Assam Rajiv Gandhi University of Cooperative Management,Sivasagar,4icu.org/reviews/15656.htm
211,Shoolini University of Biotechnology and Management Sciences,Solan,4icu.org/reviews/14347.htm
708,Manav Bharti University,Solan,4icu.org/reviews/14350.htm
799,"Maharishi Markandeshwar University, Solan",Solan ...,4icu.org/reviews/16061.htm
718,"Punyashlok Ahilyadevi Holkar University, Solapur",Solapur,4icu.org/reviews/12134.htm
91,O.P. Jindal Global University,Sonipat,4icu.org/reviews/14341.htm
102,Ashoka University,Sonipat,4icu.org/reviews/15964.htm
336,SRM University Haryana,Sonipat,4icu.org/reviews/17815.htm
375,National Institute of Food Technology Entrepreneurship and Management,Sonipat,4icu.org/reviews/15668.htm
488,"Indian Institute of Information Technology, Sri City",Sri City,4icu.org/reviews/16014.htm
763,Tantia University,Sri Ganganagar,4icu.org/reviews/16116.htm
143,University of Kashmir,Srinagar,4icu.org/reviews/2133.htm
235,Hemwati Nandan Bahuguna Garhwal University,Srinagar,4icu.org/reviews/10323.htm
323,"National Institute of Technology, Srinagar",Srinagar,4icu.org/reviews/12357.htm
362,Sher-e-Kashmir University of Agricultural Sciences and Technology of Kashmir,Srinagar,4icu.org/reviews/7303.htm
397,Central University of Kashmir,Srinagar,4icu.org/reviews/13160.htm
451,Sher-i-Kashmir Institute of Medical Sciences,Srinagar,4icu.org/reviews/16101.htm
455,"National Institute of Technology, Uttarakhand",Srinagar,4icu.org/reviews/15651.htm
427,Rajiv Gandhi National Institute of Youth Development,Sriperumbudur,4icu.org/reviews/16085.htm
118,Veer Narmad South Gujarat University,Surat,4icu.org/reviews/7368.htm
135,"Sardar Vallabhbhai National Institute of Technology, Surat",Surat,4icu.org/reviews/12108.htm
623,AURO University,Surat,4icu.org/reviews/15967.htm
617,Dr. Y.S.R. Horticultural University,Tadepalligudem,4icu.org/reviews/15655.htm
285,Sikkim University,Tadong,4icu.org/reviews/13164.htm
164,Goa University,Taleigao,4icu.org/reviews/2016.htm
760,Guru Kashi University,Talwandi Sabo,4icu.org/reviews/15997.htm
820,TeamLease Skills University,Tarsali,4icu.org/reviews/17810.htm
108,University of Calicut,Tenhipalam ...,4icu.org/reviews/2129.htm
137,Tezpur University,Tezpur,4icu.org/reviews/2122.htm
76,SASTRA University,Thanjavur ...,4icu.org/reviews/2108.htm
456,Tamil University,Thanjavur,4icu.org/reviews/12149.htm
672,Ponnaiyan Ramajayam Institute of Science and Technology,Thanjavur,4icu.org/reviews/15693.htm
71,University of Kerala,Thiruvananthapuram,4icu.org/reviews/2134.htm
95,APJ Abdul Kalam Technological University,Thiruvananthapuram,4icu.org/reviews/17773.htm
154,Sree Chitra Thirunal Institute of Medical Sciences and Technology,Thiruvananthapuram,4icu.org/reviews/2111.htm
158,Indian Institute of Space Science and Technology,Thiruvananthapuram,4icu.org/reviews/13185.htm
261,"Indian Institute of Science Education and Research, Thiruvananthapuram",Thiruvananthapuram,4icu.org/reviews/16020.htm
309,Central University of Tamil Nadu,Thiruvarur,4icu.org/reviews/13167.htm
120,Kerala Agricultural University,Thrissur ...,4icu.org/reviews/2058.htm
402,Kerala University of Health Sciences,Thrissur,4icu.org/reviews/14416.htm
52,"National Institute of Technology, Tiruchirappalli",Tiruchirappalli,4icu.org/reviews/13236.htm
132,Bharathidasan University,Tiruchirappalli,4icu.org/reviews/1995.htm
783,Tamil Nadu National Law University,Tiruchirappalli,4icu.org/reviews/16115.htm
269,Manonmaniam Sundaranar University,Tirunelveli,4icu.org/reviews/2071.htm
318,Sri Venkateswara University,Tirupati,4icu.org/reviews/2116.htm
329,Sri Venkateswara Institute of Medical Sciences,Tirupati,4icu.org/reviews/9322.htm
439,Sri Padmavati Mahila Visvavidyalayam,Tirupati,4icu.org/reviews/10329.htm
578,Sri Venkateswara Veterinary University,Tirupati,4icu.org/reviews/13112.htm
641,Rashtriya Sanskrit Vidyapeetha,Tirupati,4icu.org/reviews/7366.htm
782,Sri Venkateswara Vedic University,Tirupati,4icu.org/reviews/14405.htm
569,Thunchath Ezhuthachan Malayalam University,Tirur,4icu.org/reviews/16118.htm
480,Tumkur University,Tumkur,4icu.org/reviews/12123.htm
691,Sri Siddhartha Academy of Higher Education,Tumkur,4icu.org/reviews/15675.htm
843,"ICFAI University, Meghalaya",Tura,4icu.org/reviews/16002.htm
159,Mohanlal Sukhadia University,Udaipur,4icu.org/reviews/2074.htm
540,Maharana Pratap University of Agriculture and Technology,Udaipur,4icu.org/reviews/7342.htm
597,Sir Padampat Singhania University,Udaipur,4icu.org/reviews/14375.htm
606,"Pacific University, India",Udaipur,4icu.org/reviews/14373.htm
612,Janardan Rai Nagar Rajasthan Vidhyapeeth University,Udaipur,4icu.org/reviews/15686.htm
733,Geetanjali University,Udaipur,4icu.org/reviews/15989.htm
831,Bhupal Nobles University,Udaipur,4icu.org/reviews/17864.htm
871,Pacific Medical University,Udaipur,4icu.org/reviews/16072.htm
879,Sai Tirupati University,Udaipur,4icu.org/reviews/17872.htm
509,Vikram University,Ujjain,4icu.org/reviews/12129.htm
621,Avantika University,Ujjain,4icu.org/reviews/17834.htm
697,Maharshi Panini Sanskrit Vishwavidyalaya,Ujjain,4icu.org/reviews/13134.htm
609,"Indian Institute of Information Technology, Una",Una,4icu.org/reviews/16015.htm
129,K L University,Vaddeswaram,4icu.org/reviews/13168.htm
60,The Maharaja Sayajirao University of Baroda,Vadodara,4icu.org/reviews/2064.htm
716,Navrachana University,Vadodara,4icu.org/reviews/16068.htm
750,Suamandeep Vidyapeeth,Vadodara,4icu.org/reviews/15667.htm
795,GSFC University,Vadodara,4icu.org/reviews/15995.htm
131,Sardar Patel University,Vallabh Vidyanagar,4icu.org/reviews/2106.htm
668,Periyar Maniammai Institute of Science and Technology,Vallam ...,4icu.org/reviews/13204.htm
825,Plastindia International University,Vapi,4icu.org/reviews/17807.htm
33,Banaras Hindu University,Varanasi,4icu.org/reviews/1990.htm
104,"Indian Institute of Technology, BHU",Varanasi,4icu.org/reviews/15649.htm
231,Mahatma Gandhi Kashi Vidyapeeth,Varanasi ...,4icu.org/reviews/9321.htm
508,Central Institute of Higher Tibetan Studies,Varanasi,4icu.org/reviews/13215.htm
673,Sampurnanand Sanskrit Vishvavidyalaya,Varanasi,4icu.org/reviews/12160.htm
10,Vellore Institute of Technology,Vellore ...,4icu.org/reviews/7380.htm
576,Thiruvalluvar University,Vellore,4icu.org/reviews/12150.htm
624,Shree Somnath Sanskrit University,Veraval,4icu.org/reviews/12112.htm
541,Kannada University,Vidyaranya,4icu.org/reviews/12174.htm
268,Dr. N.T.R. University of Health Sciences,Vijayawada,4icu.org/reviews/7293.htm
529,"School of Planning and Architecture, Vijayawada",Vijayawada,4icu.org/reviews/16099.htm
875,P.K. University,Village Thanara,4icu.org/reviews/17841.htm
57,Gandhi Institute of Technology and Management,Visakhapatnam,4icu.org/reviews/12087.htm
113,Andhra University,Visakhapatnam,4icu.org/reviews/7255.htm
667,Damodaram Sanjivayya National Law University,Visakhapatnam ...,4icu.org/reviews/14399.htm
853,Sankalchand Patel University,Visnagar,4icu.org/reviews/17808.htm
811,C.U. Shah University,Wadhwan,4icu.org/reviews/15975.htm
256,Parul University,Waghodia,4icu.org/reviews/16074.htm
827,ITM Vocational University,Waghodia,4icu.org/reviews/17804.htm
345,Jaypee University of Information Technology,Waknaghat,4icu.org/reviews/12115.htm
745,BAHRA University,Waknaghat ...,4icu.org/reviews/14344.htm
162,"National Institute of Technology, Warangal",Warangal,4icu.org/reviews/2083.htm
346,Kakatiya University,Warangal ...,4icu.org/reviews/2055.htm
419,Mahatma Gandhi Antarrashtriya Hindi Vishwavidyalaya,Wardha,4icu.org/reviews/7320.htm
498,"National Institute of Technology, Arunachal Pradesh",Yupia,4icu.org/reviews/15640.htm
837,Indira Gandhi Technological and Medical Sciences University,Ziro,4icu.org/reviews/16025.htm
